,length,width,class
0,7.872780100711359,3.756298196484763,0
1,7.829042498123729,3.9547918130716595,0
2,7.6556610747148754,4.182659601092379,0
3,7.735813900040496,3.209214071007971,0
4,7.801933666837262,4.040238866006636,0
5,8.710216741946981,3.617069853172432,0
6,8.969223757009628,4.127500249183029,0
7,8.22023748187886,3.507344550277965,0
8,7.9915284140015785,4.053814513982662,0
9,8.377785078445104,4.688682016370162,0
10,9.025784441176818,4.118270563662236,0
11,7.203807581607552,3.7607427605211887,0
12,8.241123873581676,4.189600320473386,0
13,7.885144000411684,3.6027944894911976,0
14,8.842295578079996,4.278397830530459,0
15,6.818738871891505,3.917081326750357,0
16,7.525750902721914,3.184242818520565,0
17,7.560367036761518,4.621201720326286,0
18,8.052646292662004,4.24936903361233,0
19,7.699828400509526,3.8725732615753397,0
20,8.30246866461257,3.4738228735804815,0
21,8.364443659743216,4.30474933742219,0
22,8.69986975259571,4.263747128694043,0
23,8.494654652669498,3.739355718436777,0
24,6.147965239370699,3.810156246167564,0
25,8.698605356406796,3.2673356420858415,0
26,8.649590963254177,4.5070929620178095,0
27,8.291477596543487,3.8075246667228932,0
28,7.259069434296727,4.494022954178577,0
29,6.884670967885929,3.268070788907769,0
30,8.292893768325973,3.6212544990424886,0
31,8.23153699718809,3.2624199743771807,0
32,7.8640871071217635,3.7187314841482784,0
33,8.064602696843917,4.132154120006601,0
34,9.031997125694211,3.8664561470054872,0
35,8.624476285996954,3.1742095752457016,0
36,6.533536111660629,3.7384726530412506,0
37,7.9485097604174175,3.6681965308292264,0
38,7.431055838426306,4.031788490408989,0
39,6.5137193135226985,3.7951257079435003,0
40,8.637725901509041,4.094829494451966,0
41,8.131550320424715,4.500609176827462,0
42,8.43556151676869,3.717686515446642,0
43,8.011646453989197,4.407439903254685,0
44,7.176326231733174,4.051649201927248,0
45,8.29818109087681,3.399107439070223,0
46,8.187525812871419,4.816290023330822,0
47,8.171887288795698,4.48310081714465,0
48,7.438645569809879,4.1021785213654915,0
49,7.458361345037293,3.4009403319226106,0
50,8.518104340810558,3.483888708489272,0
51,8.570065270184442,3.6204324857020906,0
52,8.425428356872711,3.9074198958823825,0
53,8.377083935088642,4.830677068468195,0
54,7.984474519636272,3.953392032917597,0
55,8.838735759973854,4.422657225286557,0
56,8.39651356780402,4.24604277138635,0
57,8.651686101099335,4.1627306461683595,0
58,7.981718725007999,4.613702838737962,0
59,7.585418788662157,3.3923874568220724,0
60,7.158156567144697,4.072082520571283,0
61,7.169898678947178,3.8308403536790494,0
62,8.432550198215745,3.0317213980477415,0
63,8.430382814735067,3.8885012516818196,0
64,7.606598973081759,4.828896341891549,0
65,8.510358384623368,4.034276042486242,0
66,7.467011910179431,3.4528379809507674,0
67,6.932431712670103,3.979520751132643,0
68,7.660905699210926,4.124915051662098,0
69,7.523830279484686,4.103634997031997,0
70,8.48685764911652,4.66091148688226,0
71,7.465867959527422,4.062051825017058,0
72,7.974488027664519,4.774921193094512,0
73,8.099184087807663,3.7731793200410233,0
74,7.990752297799376,4.644738242536945,0
75,6.6369777570216595,3.9561917268813915,0
76,8.001642893438529,3.5728831676877664,0
77,7.914430302615368,2.122837122521193,0
78,9.059763097512075,2.6588802044571658,0
79,7.537434003091991,4.105520979583651,0
80,8.47400359712494,3.7917896925824697,0
81,8.893173267295166,3.203781165447706,0
82,7.628055380013406,5.045193910154253,0
83,8.37766001796435,5.365923842578214,0
84,8.201132785892202,4.802465147369623,0
85,7.918892125557938,5.166356887587849,0
86,8.270272441677527,4.927198008050146,0
87,8.502951380726657,4.54114462335132,0
88,8.721663243808853,3.446592716742201,0
89,8.807513569775463,3.5565474442221134,0
90,6.970268299237388,4.423870158025158,0
91,8.18235500539131,4.089335931311202,0
92,8.741419104870225,3.764316752500727,0
93,8.558606620134617,4.680631100270829,0
94,7.153187839906557,3.66084014831115,0
95,8.461530135183985,4.926989082726413,0
96,8.020580507280444,4.333220852911096,0
97,8.792749724239147,4.546272956978481,0
98,7.320451047407951,4.523524997030125,0
99,8.19321561400266,3.620561283509438,0
100,7.470531609442693,3.375412732483422,0
101,7.850935282482807,3.9107311600818346,0
102,7.784135177777759,4.830169768062578,0
103,8.492200066907829,4.458835768737512,0
104,8.042248478538115,3.943714935472962,0
105,7.132351331544969,3.133164274080823,0
106,8.711006041670995,3.7466246511920214,0
107,8.137344142714625,4.395855490573478,0
108,7.672453820713151,4.313024573842451,0
109,7.443035336775454,3.9298116924389976,0
110,7.709406184214805,5.2798597456070935,0
111,8.0886318387955,3.553330837849343,0
112,8.172543080819874,2.3400393775397594,0
113,7.548312872393125,3.441677418839367,0
114,8.623302191895982,3.306887628015184,0
115,7.403268275470182,3.826314417862619,0
116,8.389528039884896,2.9664908897005775,0
117,8.039187074120884,3.529248678773346,0
118,8.010703464521834,4.445599633305422,0
119,8.082803066335218,4.042449145840209,0
120,8.024553435750038,4.748942961953402,0
121,7.5710886344964505,3.7718734949716337,0
122,7.418210726043322,3.0993632779332536,0
123,8.193605836837031,4.545444481328071,0
124,8.326682888090858,3.5295776612291756,0
125,7.88846313606944,4.025700467899761,0
126,8.65218160953901,3.4314404474962186,0
127,7.789430510678178,4.0078805309000085,0
128,7.061470255733236,2.6478064879658625,0
129,8.54010066506637,4.147314204420502,0
130,8.364346820611875,3.953020499248145,0
131,8.952647232239055,3.241620140341635,0
132,7.072490634581297,3.282492852678179,0
133,8.151976454019842,3.91203954584287,0
134,7.784919093542089,4.993265833221002,0
135,7.538513378977182,3.8199822636239116,0
136,7.7228281907144325,3.942768099929645,0
137,8.101293691834158,3.6944775507957845,0
138,8.165044812981417,3.9392052630888226,0
139,9.060610219339985,4.7517789573212115,0
140,8.000711122750731,3.332090862932443,0
141,8.634415580282687,4.953926189181613,0
142,7.899341235772712,4.252067958952977,0
143,6.858108388986317,4.133494294771019,0
144,8.4515377767002,3.199253418994941,0
145,7.511178437239989,3.747625316736115,0
146,7.973786641047457,4.141020768949126,0
147,8.296753661846832,3.8913787624922715,0
148,8.175860371170259,3.736561640756146,0
149,7.713960272265403,4.290476061703466,0
150,8.767310238822617,5.300679092914632,0
151,8.199421220935491,4.191131475849547,0
152,8.433309799866311,3.7528949859156757,0
153,9.809334460704697,3.7126279532878153,0
154,7.994558289410645,4.323635281586813,0
155,8.563948461795823,4.887999777114651,0
156,8.467042672512482,3.6285345068461723,0
157,7.272652629537672,4.908763199296208,0
158,7.947038537469426,3.6797221807158094,0
159,8.31704099739125,4.044553211441397,0
160,8.720158198879568,5.289108651292542,0
161,8.039466241843138,4.143485742176974,0
162,8.129549744540256,4.821967498596641,0
163,7.47673761954505,3.618079470674728,0
164,8.358817775066775,4.144211986832543,0
165,9.113871401090497,3.169168696040381,0
166,8.267490497008657,4.349444245832356,0
167,7.430333361017313,3.461218713969928,0
168,8.02782822293665,4.275605773179513,0
169,7.917719285168996,4.10711016815331,0
170,8.416024436446445,3.735608816266356,0
171,8.01288726308502,3.9373224022741407,0
172,6.872269877769286,3.4901922826995735,0
173,7.697256707959527,3.5806887208917946,0
174,8.098037259883307,4.003715425776918,0
175,8.236753995561587,4.808864607879821,0
176,8.202675865720227,3.3323751425946204,0
177,7.68394131835415,4.9984499128299,0
178,8.432610149024454,2.998617334283459,0
179,8.591072302755327,4.9596799573645,0
180,7.96834680265309,4.319097172769267,0
181,8.176342477272602,4.105581524529918,0
182,7.385333842692811,3.5265172487010656,0
183,7.290506915704124,3.125361568889868,0
184,7.790788257293445,3.470502173809905,0
185,7.6938479454013216,4.9780204117739695,0
186,8.086147645678714,3.6290580005356383,0
187,6.591889134995915,3.5014738528955593,0
188,7.586723527326594,3.723461747127462,0
189,7.208043498583614,4.191523667848829,0
190,7.454322634760387,5.215330144956324,0
191,8.103224209679357,2.9672430914410857,0
192,9.033740058052524,3.5403831032971493,0
193,7.976898579799549,3.9850031079139554,0
194,7.906308773669239,3.6409915882885775,0
195,7.825116436353234,4.343484433905679,0
196,9.063796797247441,4.8528157293427565,0
197,7.0872158737146576,3.407612652926348,0
198,8.899180134180734,4.530668166020166,0
199,9.396093030210787,4.210080742844592,0
200,8.012076528828583,3.2572237526389665,0
201,7.77334806658465,3.865897341614946,0
202,7.827675172477283,4.720472463191174,0
203,8.143065592848956,4.536770080008471,0
204,8.895762515945428,3.5554582960557517,0
205,7.745188119243258,4.445307200229628,0
206,6.539575371452184,4.507631628180741,0
207,7.896173051874404,3.492241544549757,0
208,8.03459524882932,3.329563840198143,0
209,7.201396716760719,3.2575050862162658,0
210,6.483264599572326,3.4202484450351096,0
211,7.675451323873658,2.6094339431306244,0
212,7.158495453437754,4.191235558156803,0
213,7.933519939970198,4.288499167820639,0
214,8.383109945745321,4.865712934642394,0
215,8.122746908663672,3.5531803833578945,0
216,7.542903628646017,3.8333634443830764,0
217,7.438696012614791,5.468007488516078,0
218,6.984526651419059,4.0716562410866715,0
219,8.397190123141721,3.72668305409972,0
220,8.056828194608673,3.4704589130333354,0
221,7.973346976880192,4.635339515558597,0
222,7.977351218046951,4.136483544484161,0
223,8.012901107622298,4.712467739750261,0
224,8.198720704620122,3.508218540583913,0
225,8.483211509553648,3.8322951197212825,0
226,7.72700640632428,3.284915000290691,0
227,8.447380051037275,4.459681409988327,0
228,7.792739208188311,2.7240173460991977,0
229,8.490496327323694,3.624365464276314,0
230,7.5272176360449015,4.605136105930689,0
231,7.120811133966265,4.5710208760315645,0
232,8.650189352663121,3.5428366190265352,0
233,8.412165544679363,3.6996513627755303,0
234,7.346955167030986,4.87928764577,0
235,7.967269612409125,2.8472163609993313,0
236,9.383207825460483,4.081096390736158,0
237,6.172525978067239,3.2698759975976075,0
238,7.718551228309654,5.457270839498338,0
239,8.026382250156017,3.8485072464687935,0
240,7.707613153362054,4.329342628163624,0
241,8.018600408130686,4.042853212840776,0
242,8.98941317629181,4.450722263962764,0
243,7.810229452213557,3.002512337402158,0
244,7.760288973666803,3.403990154521697,0
245,7.067307919458328,4.560262006173807,0
246,7.26709794891369,3.882964314230102,0
247,7.358381885073499,4.868755905205439,0
248,8.166048587372186,4.292858663272951,0
249,7.885985189457139,3.435584374533703,0
250,7.519313547703845,4.14368898829594,0
251,8.578204484626323,3.334767867891413,0
252,8.380389565768391,3.4010709984674605,0
253,7.293144693708305,3.3900373462207125,0
254,7.869794703890381,3.4770647914739206,0
255,8.409946354178869,3.675080470446792,0
256,7.013076526992723,4.701459068269113,0
257,7.788840706845727,3.9320616581916776,0
258,7.5212615544100725,3.934084028807727,0
259,8.36514046939366,4.189466439774401,0
260,8.949309283441712,4.68143304441854,0
261,8.088355484807593,3.722807895813679,0
262,7.515477362806237,4.604631275701795,0
263,7.8262216228981165,3.94745413803614,0
264,7.806040183313616,3.8439867696706553,0
265,7.136157422150542,3.8413738247600624,0
266,8.109666587110128,4.5087548993683955,0
267,7.895750558284666,2.8164942565231605,0
268,7.683545958835284,3.1434461548775787,0
269,8.104136173293115,2.6543032828006865,0
270,7.773654747352056,4.601711611406173,0
271,7.810215727167287,4.5425338856046755,0
272,7.968573368961919,3.3148817109738635,0
273,8.170782634622288,4.164260157532773,0
274,7.470139590154007,2.9322139476999562,0
275,7.938048403894228,3.7595719563977443,0
276,7.84524726205943,4.425855442548414,0
277,8.25842980826538,4.760188924779005,0
278,8.291820183539524,4.099677866466345,0
279,8.942999483648595,4.453358860337469,0
280,7.775227872255142,3.772572021906285,0
281,7.847294778827378,3.5788418050733837,0
282,6.781338939116837,4.65800719539771,0
283,8.382668740501632,3.514301105818308,0
284,7.639500256667359,3.8899751514369116,0
285,8.325799000615044,3.2027750552313856,0
286,7.771554863167903,4.3360899161965225,0
287,7.715318679159814,3.4901648552667,0
288,7.500194006351727,3.501740949732907,0
289,8.412799150711141,4.1841054252829615,0
290,7.717117401810997,3.7520027940172436,0
291,8.054795758422756,4.1755318697872745,0
292,8.195868190381209,4.322290575078469,0
293,7.452165650064028,3.391879508612915,0
294,8.392793331598837,3.417080784367724,0
295,7.538545100344885,3.355353245523704,0
296,7.9854367126405545,4.399081832770595,0
297,8.91406665571747,4.217097758265867,0
298,9.08996283141665,4.696314695641898,0
299,7.844911119890383,5.441646902157741,0
300,8.837019774338243,4.208796898949717,0
301,7.65772144377575,3.4693377490027393,0
302,8.270859408951925,3.607029978748009,0
303,7.79785980987095,4.552655674875958,0
304,7.761563293384821,3.1129231606919308,0
305,8.271033479622503,3.6947439608821133,0
306,9.211224004941474,3.158447778514187,0
307,8.754351846796718,4.3565164192380585,0
308,8.530649274407775,4.174820604897847,0
309,8.264274145522908,4.1134725908417575,0
310,8.200556404956558,3.9475078466916678,0
311,8.036478499334073,3.4786891377101545,0
312,7.809281090205835,5.164218907046692,0
313,8.275321905566734,3.987661222737134,0
314,8.156698403353962,4.595015862254231,0
315,8.15098626251477,4.162230554084422,0
316,8.358124906148895,3.974551662206481,0
317,6.63528175470058,3.6993557238141177,0
318,7.705857050368676,4.063168478315505,0
319,8.308251241880704,3.1655844376022304,0
320,7.6539068450515435,4.050442761963002,0
321,8.514249045419566,4.878932984117682,0
322,8.113561803985192,4.687571872041,0
323,7.8776467642957035,4.532585362800559,0
324,8.137260212474944,4.413589590535738,0
325,8.025827698507264,3.691307191877368,0
326,6.566711395260787,3.079240477747102,0
327,8.422919131671778,3.347931455755217,0
328,7.521919579811936,4.100692049787783,0
329,7.67004891899701,5.067042586426313,0
330,8.001363761058204,3.4272062567439665,0
331,7.7572665382975865,3.391046007494534,0
332,8.542562936105204,3.5203516562064765,0
333,8.409568272305934,3.70377307258145,0
334,8.408993975414912,4.010255459810861,0
335,7.5570165800569296,4.160978929145807,0
336,7.737724352980742,4.07044176053967,0
337,8.555293651517049,3.6607518256727696,0
338,7.376692160140471,3.495565159106943,0
339,8.595691233931856,4.32333880081361,0
340,8.717072910480287,3.9579637228251614,0
341,7.933537839206836,4.406844224146431,0
342,9.410011477222904,3.1050371961225762,0
343,8.287490971330357,4.7290063677310235,0
344,7.421517591075886,4.128053771174394,0
345,8.270117000660951,2.9314059163507213,0
346,8.540795059700075,4.4960267441810675,0
347,7.851737425882118,3.8223072023087585,0
348,8.080599817052123,4.070827579427178,0
349,7.793280168648169,3.424256018234082,0
350,7.958365434255978,3.85913522000369,0
351,9.141852245721106,3.3377273425149316,0
352,7.609481259514601,4.600492707583295,0
353,8.089183211392728,3.1811652874574134,0
354,7.870288802803539,4.449272139182577,0
355,7.520222474245671,4.018348099962568,0
356,7.61369502471954,3.7926559059277265,0
357,8.922719672719378,2.8510272800219063,0
358,8.875263437371268,4.287170403920608,0
359,8.624085496954118,4.484579205389219,0
360,9.254507182281788,3.9013100637432663,0
361,8.43550319306405,4.47597313266518,0
362,7.339623196968511,2.6723191697979156,0
363,7.752356382394756,3.504730373041985,0
364,8.150698527950297,4.107065876389767,0
365,8.488016404532791,3.480593637224099,0
366,8.302625061277052,3.151131138109969,0
367,7.434449355152522,4.705209266689571,0
368,8.036053457105972,2.9659449545493257,0
369,7.653344269796446,3.4359867173436935,0
370,7.092559516709674,5.291171195625591,0
371,8.63377393684892,4.533819370871654,0
372,8.001466346018473,3.9897778080305213,0
373,7.869078493764655,4.597603100777942,0
374,8.84892179744045,3.582828907252103,0
375,8.399564242903017,3.278095447438812,0
376,8.278902750218307,3.3677199404449794,0
377,8.500418483867982,4.425390932081459,0
378,8.734516972827755,5.274659903117124,0
379,8.160058899134624,4.675936444218519,0
380,7.7121764641902,3.56289990773544,0
381,7.283129675641495,3.9602115596428185,0
382,8.16115963152629,3.9541361251696188,0
383,8.558071309710677,3.7434048536865414,0
384,8.714579801211503,4.780806568874469,0
385,8.217779508037298,4.005621876500556,0
386,7.847997596657385,4.389668903575143,0
387,8.182018445830034,4.17597948237481,0
388,7.774013707208043,3.943720755018588,0
389,7.912968465568468,2.5806688597204612,0
390,7.585774064710449,4.602841041984998,0
391,8.401870349929652,3.437086613592938,0
392,7.304162922043045,3.995008478608893,0
393,9.245957849688084,4.837768800486847,0
394,7.616204745131437,3.2249721263789377,0
395,8.0214521276766,4.090720584978142,0
396,8.45764910086201,3.355071571522399,0
397,8.141262168261527,4.476969768598799,0
398,7.075951891021726,4.39274205887432,0
399,8.664071552249736,3.362298647438871,0
400,7.96663173695485,4.616939806730728,0
401,8.127951673540025,4.279555941309524,0
402,7.510222946414171,5.498686477886135,0
403,6.2493553067935705,4.292707336567493,0
404,8.312908069181612,3.2820382316879653,0
405,7.659950872454299,4.1893928338943605,0
406,8.157754880826609,3.7998493925712364,0
407,7.592818506164341,4.742030228113858,0
408,7.713768635805516,4.086905025184666,0
409,7.3226111198532156,3.9744952205072446,0
410,8.405559066447639,4.965924353848031,0
411,7.802380319222959,3.8852411261719872,0
412,8.602033930330995,4.706611319340231,0
413,7.536033543756142,3.767674175245354,0
414,7.521994627656136,4.984550856570708,0
415,9.260403658936669,3.913452120546548,0
416,8.0902365296448,3.246787315608352,0
417,8.593767646516643,3.3542131575751464,0
418,8.610623922000139,3.8680603943407172,0
419,8.10546743190277,3.5809928002193923,0
420,7.402152004041384,2.952721566942918,0
421,8.200724897180184,5.085415647706315,0
422,6.508759602689375,3.514697961942444,0
423,8.829409030672595,3.5192734294786483,0
424,7.287669562637377,4.477529912042582,0
425,8.166128767993348,3.0289231785487916,0
426,8.162602327197098,4.564913053692152,0
427,7.152952490102252,3.790496418857571,0
428,7.4106183237082,4.431479791194863,0
429,8.186406160827412,3.214632672973373,0
430,7.795915381264271,3.6416630504412755,0
431,8.79228509505518,2.781319653713324,0
432,8.213549356693512,4.863190801605386,0
433,8.708536797957924,4.858773791707539,0
434,7.924009308442648,4.5794696691179375,0
435,7.992987388085668,4.774256144771211,0
436,8.405656769890808,4.101813411745026,0
437,7.943890295569249,4.39078769267916,0
438,8.170896204852815,3.916867932478684,0
439,8.321393054111711,3.214351736578874,0
440,8.700121193477475,3.2630835491454757,0
441,6.863992169250828,3.1147841415836126,0
442,8.077551546467657,2.9785776779915842,0
443,8.552454686967389,3.004651485066791,0
444,8.332169704688692,4.256751785513597,0
445,8.263403627164637,3.4472581055595395,0
446,7.664729733178299,5.566430782481181,0
447,8.29371894327682,3.8061088754236727,0
448,7.742710644768047,4.022690177268893,0
449,7.376980155444808,4.210744039676174,0
450,7.575158377323238,3.1701612982515313,0
451,9.234941307124448,4.188344820546244,0
452,7.7153074398082335,3.806158974698806,0
453,8.888895838347777,4.4752954436805785,0
454,8.106757030810021,4.269093266852706,0
455,6.754552909890144,4.079078814764967,0
456,8.447838908709754,4.406034736795609,0
457,8.283746232836254,4.077248555492584,0
458,7.895859764699503,4.597527172604955,0
459,8.225929423817794,4.8348907534669525,0
460,8.397476372027416,3.100493760774346,0
461,7.82041283504913,3.8639474341357776,0
462,6.93071271151613,4.553527471756622,0
463,7.806695803616032,4.543839135410534,0
464,7.3480604971964185,3.412526369780523,0
465,7.61356530040511,3.5922405756319615,0
466,8.205501554315157,3.187033190982114,0
467,8.659337493821601,3.7111910299183117,0
468,9.119100776413951,4.605626360310898,0
469,8.058195785284006,3.1747425555858535,0
470,7.524382946154347,4.477932099009353,0
471,7.951037070107352,4.362536798794742,0
472,7.5924045543346015,4.341246702251902,0
473,7.84921046792477,4.107595420970907,0
474,7.447875652349315,4.273294069523524,0
475,8.794253166003601,3.0819428678198415,0
476,8.297485737396665,4.6546210224528854,0
477,7.420480217819262,3.5912748952347275,0
478,8.882961909522287,4.157183586540843,0
479,9.020353676785845,4.065518544665591,0
480,7.984981909380703,2.9850737011389903,0
481,8.22072116927674,3.517696963645377,0
482,7.960525011136286,4.497981411107056,0
483,6.994414508921235,5.419711812347788,0
484,7.88154332233836,3.7669260495941304,0
485,8.052051850008871,4.017825751060735,0
486,8.038450241236042,4.283036977165708,0
487,8.68483175323467,3.6166039379977546,0
488,7.193932824334327,4.237563477865981,0
489,8.240908448676155,3.7795226819678787,0
490,7.857657046089063,4.215871299910002,0
491,8.522037778705,4.282825039574119,0
492,7.658705589452614,4.749009997858472,0
493,7.912900084071435,3.157256200488155,0
494,8.350895871078764,5.44280180175689,0
495,7.8839844369061565,3.7021466359771344,0
496,8.267439303771114,3.4390516119696115,0
497,8.461122930770099,3.7510536995005133,0
498,7.584486303549866,5.173323819544046,0
499,8.202122032572547,3.330698120874045,0
500,7.565106574682329,3.4739143598741946,0
501,8.200123919696928,4.405640311648056,0
502,7.403927495129227,4.014555986607314,0
503,8.26031614524287,3.6878138317912788,0
504,8.788569669552615,3.8057942217014826,0
505,7.545249303682848,4.3129476855720705,0
506,7.460561112100195,3.408836238960378,0
507,7.171982214994814,4.0581311291175926,0
508,8.587033188255166,3.56848788607571,0
509,8.092853865271978,5.458775146743819,0
510,9.131376770999111,4.3030184915633924,0
511,8.008151607122489,3.9413951636422406,0
512,7.679946515588601,4.453383931284794,0
513,7.040779815958489,4.451590334449653,0
514,7.417247634918148,4.462987415279422,0
515,8.260629636365996,3.0180630203089334,0
516,8.617372572398626,3.8053792342565065,0
517,7.438661128257514,4.077444943051603,0
518,7.84383221759383,3.546840923205411,0
519,7.55892295784871,3.725904011564994,0
520,8.085666818204478,3.9073976829248367,0
521,7.059651732044808,4.6846853490663225,0
522,7.479613688540355,3.891034914053201,0
523,6.791680074694417,4.775415403921862,0
524,7.93799256243372,4.476614352532755,0
525,8.402434686752875,4.4622397912886305,0
526,7.506674977468808,2.8434958722301893,0
527,8.150296230226322,4.417034222052023,0
528,7.547212517051881,3.816752066613565,0
529,6.6876862793813,3.365557297793412,0
530,8.503636132332888,3.6671168410606843,0
531,8.289018637380718,4.521815443326349,0
532,7.55865403598053,4.5607592491866376,0
533,7.991378189377521,3.64301236302935,0
534,8.307419699375941,4.678709631280739,0
535,8.19348442748297,3.9449962509650596,0
536,8.636887956993185,4.447926034570085,0
537,7.256795290348459,3.2577720933113197,0
538,9.373074669081085,4.913001122399204,0
539,6.747059122765441,3.2420659174138566,0
540,7.56866237609462,3.645754626603028,0
541,7.444555241405759,3.6845885285815467,0
542,7.504000182594722,2.538389712158522,0
543,7.919386912575532,4.701365759712501,0
544,8.029001914078837,4.191836807511916,0
545,8.512513917650917,3.9373801937986235,0
546,7.854964883448752,3.654781640253851,0
547,7.793384940569845,4.008608545464853,0
548,8.450212151307658,4.2529860504673165,0
549,7.736561584031444,3.9154385811847146,0
550,8.144345970833262,3.6778127832318344,0
551,7.721020572503576,3.5399061332055566,0
552,8.344586104410531,3.70546548131124,0
553,8.35936749895014,5.211349837935719,0
554,7.490556318678834,3.836992055040399,0
555,8.032846786856938,5.604130565683935,0
556,7.773208919688553,4.156953125085897,0
557,7.669510686889637,4.607938430539796,0
558,8.214742123734938,3.9019629827361997,0
559,8.307225885526533,3.8888346651754726,0
560,7.393596331954759,4.443228728485969,0
561,7.624702677798496,3.7720398612979333,0
562,8.152062471281065,5.023165399093166,0
563,8.78648344948637,3.5452535352696235,0
564,8.117366515132272,3.71998812388457,0
565,7.279963175403269,4.038549964542238,0
566,7.387439887494287,5.104776515644015,0
567,9.128017597447215,2.7326118829388024,0
568,7.5276335417093865,3.436038129846934,0
569,8.1219303525471,4.942848051719971,0
570,8.331320361529345,3.3097846386326064,0
571,7.319776453593665,4.31362687496048,0
572,7.845206148823931,3.305046818594072,0
573,7.98783107293397,3.373303990403565,0
574,7.2117857087511785,3.3273578596328806,0
575,8.389590785527377,5.086598318146526,0
576,8.219542680204652,3.6181879629980287,0
577,7.929086671881377,3.2752053789037077,0
578,7.985365677785778,3.133562509522108,0
579,8.402807749012613,3.779715926628262,0
580,7.117861092358366,4.224962377917153,0
581,8.648687760422986,3.5159178250464103,0
582,7.819618423006477,3.8639100588781123,0
583,7.696791485827403,4.755481660938851,0
584,7.32788149138867,4.690949688000524,0
585,8.371833776876642,3.702388921981933,0
586,8.314932427355641,4.194893016497443,0
587,6.866069813627871,3.819322608790483,0
588,8.534572386924076,3.6901690523370676,0
589,6.785599235015361,3.5867053822276667,0
590,7.687450873988296,3.9632616064279618,0
591,9.296634570526928,3.8986638695572537,0
592,8.226826322675915,4.396162617311896,0
593,8.599458803012338,3.68538832120207,0
594,7.128670016594231,3.6646875244449664,0
595,7.5050401461569365,3.716069565700133,0
596,7.572977103592156,2.5376475693943124,0
597,8.747145754937124,4.378377520029617,0
598,8.440706989545,3.9967853882475,0
599,7.7826573549675,3.2770696484080246,0
600,7.248541139960992,3.6789665761350534,0
601,8.67491604734164,4.1395641861041295,0
602,7.793800533566321,4.140417153723188,0
603,8.606072249998094,4.789640369466767,0
604,7.893178594250547,2.97959417438551,0
605,7.5411306369692355,3.1334922298493413,0
606,7.635859197915018,3.2239377474118287,0
607,8.332259468048436,4.004550293583979,0
608,7.523281356342692,3.9717046517648935,0
609,8.886996617918827,4.285869618721985,0
610,8.037158566263216,3.7084686891452354,0
611,7.543299590729239,3.4540112852767395,0
612,7.660860135592149,4.974709276530035,0
613,7.530853672326208,4.460770105881257,0
614,8.749068537450444,3.645896785976486,0
615,9.46228045836842,4.384691346677837,0
616,8.182848535664089,4.819114828094678,0
617,7.931594988380583,4.135943351772233,0
618,6.302218121632302,4.898947147307437,0
619,7.985232710852206,4.505435487615569,0
620,8.15393850652723,3.4567668901221733,0
621,7.872383380293992,3.993531135626964,0
622,8.472164640766264,4.681161538318952,0
623,7.434760923331991,4.166952434114254,0
624,7.175105342992449,3.875115572236946,0
625,7.35170136227077,3.855918638893816,0
626,8.532710737123267,4.304448108061933,0
627,8.697182459764207,4.37014813615965,0
628,8.447701956508556,3.621445440806824,0
629,7.088159763181867,2.4694690846423626,0
630,8.296766409391768,4.421650687131073,0
631,8.818900158373033,3.400773016813722,0
632,8.170615416848127,3.841203536018973,0
633,7.724902029123163,4.853904399784243,0
634,7.683014015952212,3.5782443426961077,0
635,8.37733582009405,3.493808608093883,0
636,8.056726914111529,3.472003471970109,0
637,8.615776236094932,3.552782134150211,0
638,7.580013478998306,3.883410716701266,0
639,8.481937079235827,4.302163064404919,0
640,8.004154181487742,3.6591479715379203,0
641,8.016669085874657,3.9561786254803817,0
642,7.696059604667536,3.633783737441586,0
643,7.844905185832789,4.00599442083442,0
644,8.67955032915848,4.399576909469872,0
645,6.960361098745427,3.3337782496495776,0
646,8.284375901382129,4.762737253352797,0
647,7.270613202774505,3.7525482198304694,0
648,9.00071341609384,4.5898091034795065,0
649,8.471543881635167,4.705536817864066,0
650,8.25540112014635,4.484371284541748,0
651,8.203303757540036,4.956800256257509,0
652,8.312323450415574,4.08302661293929,0
653,7.131151071608474,4.852915211728358,0
654,7.423933413538487,3.6620149824263257,0
655,6.99132161798551,3.515708870853813,0
656,8.091514702968887,3.534269534619149,0
657,8.192973792620437,3.265813833073442,0
658,8.457884084142163,4.802153228080891,0
659,7.5091557961222355,3.9800544542193808,0
660,7.813514216926676,4.0961877313908,0
661,8.53449836785925,4.458139491666255,0
662,7.354615926266108,4.620768015852338,0
663,7.59878909246472,3.7253885950762555,0
664,8.325881842071796,2.152653401811692,0
665,8.237237985455288,4.048176873077631,0
666,8.757576453850032,3.9400787325579874,0
667,8.469315965031115,4.536164870132417,0
668,7.2582357582856,4.095384977531852,0
669,8.504185667900831,3.9318242610996412,0
670,7.5215034775791345,4.685958323405011,0
671,7.267376223585075,4.335510469373002,0
672,9.029586497655458,4.1050648113495445,0
673,7.698587787116228,4.572983262822343,0
674,8.847077606572986,3.7269725796778754,0
675,7.770427387544738,4.071606740190723,0
676,8.261271539996264,3.120493852303086,0
677,8.651563382014936,4.273626309451758,0
678,8.482906550454551,3.7707884100158,0
679,7.723776980758374,3.1552549491372934,0
680,8.688214251504572,4.515990625122808,0
681,8.437119508195197,4.9263333242532275,0
682,7.03474494957362,4.212981938494212,0
683,7.329609454773928,4.4256917474171145,0
684,8.497559758964433,3.8648242538397044,0
685,8.190556441484373,4.741219427234697,0
686,7.559303501739565,4.308565902246484,0
687,7.634563068741228,3.6003235632939097,0
688,7.8977078672088155,3.6775599159425045,0
689,7.62106789535018,3.1172115614154503,0
690,7.6454889943707025,5.114505588571193,0
691,9.0150312424975,4.271507488439078,0
692,8.490759449556212,3.128737477652207,0
693,7.991107784140958,4.280473010419521,0
694,8.515802375441995,4.45052745622656,0
695,7.987106303953444,4.2692618086622005,0
696,9.248068295578614,4.321916273224117,0
697,8.98002250292665,3.691075399278917,0
698,7.773387203760119,3.7368500584070885,0
699,8.249842627302774,4.042164681744805,0
700,8.743039443659688,4.094564995574189,0
701,7.240239761105781,4.836454564467428,0
702,8.219191125999663,4.462528327235803,0
703,9.481743672057986,4.704012628947177,0
704,8.494606101435105,4.710403998984312,0
705,7.367761638715281,5.288589696532597,0
706,7.895851459596045,4.540066668731097,0
707,8.087765194051494,3.8921650945259083,0
708,8.144889770342143,3.54315182095796,0
709,8.086586350024026,4.140492892674934,0
710,7.201089874972967,3.3006092711441326,0
711,7.733413871891609,3.1464452613005665,0
712,7.608845707870792,4.242740370401086,0
713,8.059518217808224,3.3992598938066436,0
714,8.361035067917335,4.579737011627627,0
715,8.3785396277577,3.632522853440957,0
716,7.8246852540707215,4.296076448782501,0
717,7.359538254102685,4.452258368701378,0
718,6.195614667134629,3.9650275795400276,0
719,8.631313368166115,3.3531619522959852,0
720,8.024482882236946,4.739730271228426,0
721,8.235285183289815,3.9901976827605448,0
722,8.09384939761566,3.830146041847373,0
723,6.837602239132567,3.55310220911067,0
724,7.066802467628426,3.877825086853125,0
725,8.57554646280436,3.0908209827836908,0
726,7.3199055596504365,5.165160273270798,0
727,8.432813456689642,4.133647530582262,0
728,8.237602239642197,3.227977171590753,0
729,7.846065142211721,3.6982044897564945,0
730,8.06101981350643,4.290225385696129,0
731,8.823870564560465,3.4344530310652432,0
732,7.289356629386797,2.2486185986863427,0
733,7.524035788436246,3.2274581037466987,0
734,8.283906849525566,4.848377535873755,0
735,8.874754068982327,4.063345463123348,0
736,7.6077084270455675,5.018619108743104,0
737,9.159562137610353,3.9075308637228354,0
738,8.695139109207537,4.096596036788794,0
739,9.002211408675663,3.738337244722596,0
740,8.807004360811222,4.282830472779957,0
741,8.132321964667598,3.442381387355191,0
742,8.2152049225427,2.8765503005676987,0
743,7.903593701604693,4.361945032026085,0
744,8.598854296026659,3.714048658557208,0
745,7.893897485278547,3.6698484105702147,0
746,8.337189484362991,4.665293049675643,0
747,8.090317072716353,3.793622964670596,0
748,7.279538361017955,4.861796853054562,0
749,7.854572238811605,5.342774724169198,0
750,7.589907211212937,4.016281570046425,0
751,7.721797624157969,5.215069197394106,0
752,8.025074387578751,4.4235582623256455,0
753,7.333586324380955,4.317143087648807,0
754,8.355487499926678,3.754959676745359,0
755,6.674265422691648,4.85038572592871,0
756,7.941469344894111,3.6766569012508246,0
757,7.77994159816167,4.363038034068457,0
758,7.58741059226794,3.8921107283116982,0
759,7.826030300887023,4.376181715761105,0
760,7.994163758808002,2.9307054833934063,0
761,7.790766596382401,4.0328915891317045,0
762,7.583783945541792,3.4545075412333555,0
763,7.33009435022971,4.45070519527167,0
764,7.5007096939799975,5.279264424917294,0
765,8.240069468876602,3.7130111692024723,0
766,6.945060511229799,4.430218724516281,0
767,7.778818323513185,3.568532583767852,0
768,7.39852650788149,4.50315238138203,0
769,7.756704411320088,3.7846088359760244,0
770,6.729344234198752,3.529030632732677,0
771,8.711202075670668,3.6649879516709194,0
772,7.208595570645413,4.3038261320115945,0
773,8.484286849977858,4.570946556799579,0
774,6.8730772083799865,3.4741146361567887,0
775,7.812449782978086,3.694467841069181,0
776,7.934660313493085,4.798951887269595,0
777,8.948503380972207,3.2777351333514564,0
778,8.113425817290008,4.761210706417279,0
779,8.23648483046562,3.854656546832603,0
780,8.448054291027788,4.130066155147976,0
781,8.162153325231534,4.736645603406435,0
782,8.402719599979264,3.7556131231126018,0
783,8.668418429117999,3.1830948149666027,0
784,8.356460972930739,3.9066189829337783,0
785,8.30191815696036,3.0834468540035367,0
786,7.5108267718125035,3.4782326749847154,0
787,7.069350964665618,3.3940843427531395,0
788,7.2031701107404995,3.987298475062259,0
789,8.144660960152587,4.937281975445843,0
790,7.928408185001125,5.2094461458992765,0
791,8.011699055219314,4.621177554191634,0
792,8.31339898047136,3.449456738573441,0
793,8.004365558318147,4.168830436845311,0
794,8.039542109123795,4.696007120954151,0
795,7.5162260054298,4.117055327370019,0
796,8.356229066916404,3.2705818584772945,0
797,7.874607465500454,3.280681698203341,0
798,8.489634861398942,3.503762701735056,0
799,7.698050669442995,3.9601983680287676,0
800,7.845593509307179,3.7719523433925226,0
801,9.682275952164597,4.3349136024342485,0
802,8.489180270689882,3.6550219115748352,0
803,7.272678453965158,3.90253787214865,0
804,8.536130596616685,3.331516046064833,0
805,8.62488985420849,4.1595850361802995,0
806,6.878926338725741,3.8976948626212926,0
807,7.834614994618076,4.085192175632382,0
808,7.718566450582221,4.194158541017088,0
809,7.7026878503140885,5.26220093845488,0
810,7.508993126337229,4.683007078231312,0
811,7.710248696168864,3.5087480576282317,0
812,7.685632454119407,3.8027118546025007,0
813,6.969223824708993,4.284295137131103,0
814,7.542838267301268,3.940527485785771,0
815,6.8534462657796915,4.117711667532795,0
816,8.214200818997554,3.8275985752026007,0
817,7.0827441167727585,3.427548790927853,0
818,8.43652495124309,3.7646785296557455,0
819,8.047550163657167,4.443247252342052,0
820,7.96467291370961,3.719063661874024,0
821,7.801835737590612,3.419022613480453,0
822,7.685789653650803,3.9490584455398405,0
823,8.216893058228376,5.049575222385735,0
824,8.496238596236719,4.030916187732866,0
825,7.011195414871597,4.2148103383810485,0
826,7.8856096975888175,3.8116311270178023,0
827,8.259774916253278,3.196220439559427,0
828,6.878620554455224,3.3200322756290834,0
829,8.306627482699541,3.502020274379232,0
830,8.146133549027544,4.503308781493295,0
831,8.642018340844652,3.439362596585038,0
832,8.032753302605817,4.545126438574677,0
833,8.769845230247796,2.396384898386157,0
834,7.695593168181743,3.9396774748336427,0
835,8.48001656387645,4.271264868115102,0
836,7.3496657738199955,3.853171184269516,0
837,8.432250202689307,5.884514222640009,0
838,8.089196631551705,4.186579732043525,0
839,7.233520511368221,3.349204325910036,0
840,8.279193631007763,3.920453854976207,0
841,7.690576262652286,3.3211243766333083,0
842,7.408918617991619,5.05564543395098,0
843,8.845673840597787,4.048227167237578,0
844,8.134769847285828,5.040902499823322,0
845,6.991303602284478,3.184136908585343,0
846,8.083723707494078,3.2368183731882567,0
847,7.6188437383178185,3.8958328232837847,0
848,8.12816660448882,3.679901873178009,0
849,8.735689221428817,3.6818382244247347,0
850,7.7441758499516204,4.148824674671293,0
851,8.015876693598146,4.276954710630616,0
852,8.560767716514173,3.824938433033189,0
853,7.681550683970339,4.793536188208955,0
854,8.3290603401429,4.0670266008556935,0
855,8.675862185218431,3.707663549528241,0
856,6.554387461930354,4.86068180235862,0
857,7.3851136790295495,4.216792935602959,0
858,7.880114333548371,3.3683824016825064,0
859,8.464549708550551,3.489100495255385,0
860,7.266141058386293,4.623203760039493,0
861,7.474257314183831,4.389983840484421,0
862,7.844763193674628,4.036689528976336,0
863,7.131106831862474,3.8003532772159914,0
864,7.929168149249114,3.296199855446454,0
865,8.881388652812594,3.6592059128485097,0
866,8.002358748747557,4.343973841723327,0
867,7.879636884773291,4.108071037547214,0
868,7.667074615048386,3.9605009877397728,0
869,7.844722989102434,3.4814540929687183,0
870,7.3683462073175185,4.390377896890071,0
871,8.531589410645195,3.8256007009480917,0
872,7.095747440517424,4.459778317004153,0
873,6.759837797721572,4.541146091056874,0
874,8.864778067667098,3.691415232630911,0
875,7.191150590614712,4.292422066237033,0
876,8.094835881596067,3.1066908075657818,0
877,7.719461689990998,4.379855611668798,0
878,8.201029348339798,2.983241181523967,0
879,7.063299898578534,4.076306940034147,0
880,7.2129405912528055,3.845737886790918,0
881,8.126708416819893,2.9951079272356766,0
882,7.554948944493666,3.399959253705408,0
883,7.50617882639957,5.031354254699304,0
884,7.477667932389443,4.00120424232612,0
885,7.438555140864446,3.5802303748380284,0
886,8.319767110479848,2.191961040634696,0
887,6.953153015594024,4.535524504931804,0
888,6.800947156689183,4.024155548210056,0
889,8.18762741113143,3.3030611283353797,0
890,7.161172208366216,2.9629559278820854,0
891,7.5059018857477815,3.802829966746053,0
892,8.484424100419098,4.868650371419241,0
893,8.141603379911633,3.200797983578626,0
894,7.764046169878347,4.353194120840803,0
895,7.441923433364711,3.512272464341262,0
896,7.314896314271848,4.085271724041966,0
897,7.717361055272622,3.3223668352190376,0
898,8.168761843542445,3.4699886220905505,0
899,8.084792431641509,4.305591193706788,0
900,7.875890731052717,4.297131910853997,0
901,7.165514173130269,3.442429149373452,0
902,7.813081368964704,4.824183640559792,0
903,8.48905015516063,2.9934666216720105,0
904,6.809594822868181,3.423346523378599,0
905,8.108060943372442,2.89654635567748,0
906,7.879196469984118,4.865981091930985,0
907,7.773902566816706,4.614186525324341,0
908,7.582696073904547,5.073377213998006,0
909,8.670791076709099,4.073960156659463,0
910,9.95676287370171,3.9338415096704025,0
911,8.23110341205743,3.7840805015347967,0
912,7.9058721803509275,4.383407410755527,0
913,8.465472025175904,3.4924192194096997,0
914,7.590793406692587,4.7466670749495234,0
915,8.224297509678136,4.767169808245236,0
916,7.061894837149664,3.598403466778205,0
917,7.194013836599049,4.539656980178843,0
918,7.762961420808091,4.0332389679741985,0
919,7.608233300581847,4.009970425227728,0
920,7.5565634082753785,4.088767898870596,0
921,6.69846906536204,4.345661937104154,0
922,9.14272108038146,4.659349583616586,0
923,7.891235228243025,3.5345332319394074,0
924,8.03327208496662,4.916849667556763,0
925,8.30553873779822,3.0996054789950844,0
926,8.013872356770035,3.653741468486668,0
927,7.50122281832852,3.4084763663688777,0
928,7.995869500569001,4.3030452953028036,0
929,6.282308198688814,5.3618192403042775,0
930,7.356393308065533,3.606345201637971,0
931,7.839374991315231,4.70868330257191,0
932,8.454069491748117,4.866992495580799,0
933,7.846622106313107,3.576898635246146,0
934,7.993178067037184,3.8154759338987776,0
935,7.689122740750872,3.6589258614521465,0
936,6.956049725322433,4.312893170595908,0
937,8.12019799320468,4.792975982138183,0
938,8.245206930600808,3.1759325543650636,0
939,8.585852832929888,4.1596694476281595,0
940,7.574541461095975,4.131765048334048,0
941,8.456863881616043,4.505087998105081,0
942,8.08026210888692,4.0117585100824815,0
943,8.135723205607375,3.942219931286379,0
944,7.077027199310921,3.9890126897708895,0
945,8.681633653864925,2.006154033703976,0
946,8.187844222267966,4.384602090882096,0
947,8.348749495901547,5.346637302416115,0
948,7.4869791536734045,3.9566336480168847,0
949,8.208615322581961,2.4965762004599634,0
950,7.837336401707028,3.091942519907271,0
951,8.87743032538547,4.198205761647083,0
952,8.675402414568369,4.310716411171879,0
953,8.142789310358937,3.8485138858278867,0
954,8.419779688171177,3.56049002289856,0
955,7.928618462817965,3.7538220136797302,0
956,7.888937372873929,3.8343095982764877,0
957,8.549192774052921,4.479840535904744,0
958,8.524354535094385,3.048417135893441,0
959,7.180363382666336,4.355021363138058,0
960,7.794262928594512,4.302961354827678,0
961,8.208768238722053,3.9072915851414134,0
962,7.120226064615906,4.507470684448965,0
963,8.116814248459479,4.225037834845088,0
964,7.410687637894473,4.399141786360111,0
965,8.087028607837773,4.552176491767547,0
966,8.605237634391225,3.3680008115310995,0
967,7.8072246752088885,4.298318687381362,0
968,8.061635086943841,3.4787560384490783,0
969,8.200551975978236,4.9729913284845635,0
970,8.255395618011306,4.11240687016796,0
971,8.148545442788068,3.0342735216483585,0
972,8.591907274240564,4.758630328892744,0
973,7.143772446294369,4.524567715782785,0
974,7.373734187560114,4.084034932497998,0
975,8.13300075265735,3.3535690606316315,0
976,8.486296189839774,4.19467843825989,0
977,7.072723418252998,4.559142574276152,0
978,7.735816732966665,3.4066540767167055,0
979,7.744670898129,4.627856421121671,0
980,7.832448157130842,3.705337769372245,0
981,8.30513686254469,4.208758005465932,0
982,7.696196988016807,4.202426090357895,0
983,8.175072068714435,3.8236965178005144,0
984,6.799812363462676,3.666820887300068,0
985,8.384434044968863,4.315188550798991,0
986,8.322539218914697,4.013752614979588,0
987,7.049572663789528,4.168107304350811,0
988,7.791961762436078,3.090358884565729,0
989,7.198289745263101,4.55495360785426,0
990,8.957380470912936,4.206610471693789,0
991,8.290890926086725,2.7153327396222426,0
992,9.000718738392854,4.3732596370061785,0
993,6.183075988250372,2.794334311533712,0
994,7.96369401930399,3.6926713630955668,0
995,7.694339127463769,4.3207545259061515,0
996,7.173905641610391,5.291348977574269,0
997,7.8045478150692515,3.698124289949484,0
998,8.507924979179954,3.9550749126066287,0
999,8.125014286002525,3.534326233127342,0
